{
  "type_description_msg": {
    "type_description": {
      "type_name": "urc_rover_interfaces/action/DeliveryTask",
      "fields": [
        {
          "name": "goal",
          "type": {
            "type_id": 1,
            "capacity": 0,
            "string_capacity": 0,
            "nested_type_name": "urc_rover_interfaces/action/DeliveryTask_Goal"
          },
          "default_value": ""
        },
        {
          "name": "result",
          "type": {
            "type_id": 1,
            "capacity": 0,
            "string_capacity": 0,
            "nested_type_name": "urc_rover_interfaces/action/DeliveryTask_Result"
          },
          "default_value": ""
        },
        {
          "name": "feedback",
          "type": {
            "type_id": 1,
            "capacity": 0,
            "string_capacity": 0,
            "nested_type_name": "urc_rover_interfaces/action/DeliveryTask_Feedback"
          },
          "default_value": ""
        },
        {
          "name": "send_goal_service",
          "type": {
            "type_id": 1,
            "capacity": 0,
            "string_capacity": 0,
            "nested_type_name": "urc_rover_interfaces/action/DeliveryTask_SendGoal"
          },
          "default_value": ""
        },
        {
          "name": "get_result_service",
          "type": {
            "type_id": 1,
            "capacity": 0,
            "string_capacity": 0,
            "nested_type_name": "urc_rover_interfaces/action/DeliveryTask_GetResult"
          },
          "default_value": ""
        },
        {
          "name": "feedback_message",
          "type": {
            "type_id": 1,
            "capacity": 0,
            "string_capacity": 0,
            "nested_type_name": "urc_rover_interfaces/action/DeliveryTask_FeedbackMessage"
          },
          "default_value": ""
        }
      ]
    },
    "referenced_type_descriptions": [
      {
        "type_name": "builtin_interfaces/msg/Time",
        "fields": [
          {
            "name": "sec",
            "type": {
              "type_id": 6,
              "capacity": 0,
              "string_capacity": 0,
              "nested_type_name": ""
            },
            "default_value": ""
          },
          {
            "name": "nanosec",
            "type": {
              "type_id": 7,
              "capacity": 0,
              "string_capacity": 0,
              "nested_type_name": ""
            },
            "default_value": ""
          }
        ]
      },
      {
        "type_name": "service_msgs/msg/ServiceEventInfo",
        "fields": [
          {
            "name": "event_type",
            "type": {
              "type_id": 3,
              "capacity": 0,
              "string_capacity": 0,
              "nested_type_name": ""
            },
            "default_value": ""
          },
          {
            "name": "stamp",
            "type": {
              "type_id": 1,
              "capacity": 0,
              "string_capacity": 0,
              "nested_type_name": "builtin_interfaces/msg/Time"
            },
            "default_value": ""
          },
          {
            "name": "client_gid",
            "type": {
              "type_id": 51,
              "capacity": 16,
              "string_capacity": 0,
              "nested_type_name": ""
            },
            "default_value": ""
          },
          {
            "name": "sequence_number",
            "type": {
              "type_id": 8,
              "capacity": 0,
              "string_capacity": 0,
              "nested_type_name": ""
            },
            "default_value": ""
          }
        ]
      },
      {
        "type_name": "unique_identifier_msgs/msg/UUID",
        "fields": [
          {
            "name": "uuid",
            "type": {
              "type_id": 51,
              "capacity": 16,
              "string_capacity": 0,
              "nested_type_name": ""
            },
            "default_value": ""
          }
        ]
      },
      {
        "type_name": "urc_rover_interfaces/action/DeliveryTask_Feedback",
        "fields": [
          {
            "name": "status",
            "type": {
              "type_id": 17,
              "capacity": 0,
              "string_capacity": 0,
              "nested_type_name": ""
            },
            "default_value": ""
          },
          {
            "name": "progress",
            "type": {
              "type_id": 10,
              "capacity": 0,
              "string_capacity": 0,
              "nested_type_name": ""
            },
            "default_value": ""
          }
        ]
      },
      {
        "type_name": "urc_rover_interfaces/action/DeliveryTask_FeedbackMessage",
        "fields": [
          {
            "name": "goal_id",
            "type": {
              "type_id": 1,
              "capacity": 0,
              "string_capacity": 0,
              "nested_type_name": "unique_identifier_msgs/msg/UUID"
            },
            "default_value": ""
          },
          {
            "name": "feedback",
            "type": {
              "type_id": 1,
              "capacity": 0,
              "string_capacity": 0,
              "nested_type_name": "urc_rover_interfaces/action/DeliveryTask_Feedback"
            },
            "default_value": ""
          }
        ]
      },
      {
        "type_name": "urc_rover_interfaces/action/DeliveryTask_GetResult",
        "fields": [
          {
            "name": "request_message",
            "type": {
              "type_id": 1,
              "capacity": 0,
              "string_capacity": 0,
              "nested_type_name": "urc_rover_interfaces/action/DeliveryTask_GetResult_Request"
            },
            "default_value": ""
          },
          {
            "name": "response_message",
            "type": {
              "type_id": 1,
              "capacity": 0,
              "string_capacity": 0,
              "nested_type_name": "urc_rover_interfaces/action/DeliveryTask_GetResult_Response"
            },
            "default_value": ""
          },
          {
            "name": "event_message",
            "type": {
              "type_id": 1,
              "capacity": 0,
              "string_capacity": 0,
              "nested_type_name": "urc_rover_interfaces/action/DeliveryTask_GetResult_Event"
            },
            "default_value": ""
          }
        ]
      },
      {
        "type_name": "urc_rover_interfaces/action/DeliveryTask_GetResult_Event",
        "fields": [
          {
            "name": "info",
            "type": {
              "type_id": 1,
              "capacity": 0,
              "string_capacity": 0,
              "nested_type_name": "service_msgs/msg/ServiceEventInfo"
            },
            "default_value": ""
          },
          {
            "name": "request",
            "type": {
              "type_id": 97,
              "capacity": 1,
              "string_capacity": 0,
              "nested_type_name": "urc_rover_interfaces/action/DeliveryTask_GetResult_Request"
            },
            "default_value": ""
          },
          {
            "name": "response",
            "type": {
              "type_id": 97,
              "capacity": 1,
              "string_capacity": 0,
              "nested_type_name": "urc_rover_interfaces/action/DeliveryTask_GetResult_Response"
            },
            "default_value": ""
          }
        ]
      },
      {
        "type_name": "urc_rover_interfaces/action/DeliveryTask_GetResult_Request",
        "fields": [
          {
            "name": "goal_id",
            "type": {
              "type_id": 1,
              "capacity": 0,
              "string_capacity": 0,
              "nested_type_name": "unique_identifier_msgs/msg/UUID"
            },
            "default_value": ""
          }
        ]
      },
      {
        "type_name": "urc_rover_interfaces/action/DeliveryTask_GetResult_Response",
        "fields": [
          {
            "name": "status",
            "type": {
              "type_id": 2,
              "capacity": 0,
              "string_capacity": 0,
              "nested_type_name": ""
            },
            "default_value": ""
          },
          {
            "name": "result",
            "type": {
              "type_id": 1,
              "capacity": 0,
              "string_capacity": 0,
              "nested_type_name": "urc_rover_interfaces/action/DeliveryTask_Result"
            },
            "default_value": ""
          }
        ]
      },
      {
        "type_name": "urc_rover_interfaces/action/DeliveryTask_Goal",
        "fields": [
          {
            "name": "pickup_x",
            "type": {
              "type_id": 10,
              "capacity": 0,
              "string_capacity": 0,
              "nested_type_name": ""
            },
            "default_value": ""
          },
          {
            "name": "pickup_y",
            "type": {
              "type_id": 10,
              "capacity": 0,
              "string_capacity": 0,
              "nested_type_name": ""
            },
            "default_value": ""
          },
          {
            "name": "delivery_x",
            "type": {
              "type_id": 10,
              "capacity": 0,
              "string_capacity": 0,
              "nested_type_name": ""
            },
            "default_value": ""
          },
          {
            "name": "delivery_y",
            "type": {
              "type_id": 10,
              "capacity": 0,
              "string_capacity": 0,
              "nested_type_name": ""
            },
            "default_value": ""
          },
          {
            "name": "object_id",
            "type": {
              "type_id": 17,
              "capacity": 0,
              "string_capacity": 0,
              "nested_type_name": ""
            },
            "default_value": ""
          }
        ]
      },
      {
        "type_name": "urc_rover_interfaces/action/DeliveryTask_Result",
        "fields": [
          {
            "name": "success",
            "type": {
              "type_id": 15,
              "capacity": 0,
              "string_capacity": 0,
              "nested_type_name": ""
            },
            "default_value": ""
          },
          {
            "name": "message",
            "type": {
              "type_id": 17,
              "capacity": 0,
              "string_capacity": 0,
              "nested_type_name": ""
            },
            "default_value": ""
          }
        ]
      },
      {
        "type_name": "urc_rover_interfaces/action/DeliveryTask_SendGoal",
        "fields": [
          {
            "name": "request_message",
            "type": {
              "type_id": 1,
              "capacity": 0,
              "string_capacity": 0,
              "nested_type_name": "urc_rover_interfaces/action/DeliveryTask_SendGoal_Request"
            },
            "default_value": ""
          },
          {
            "name": "response_message",
            "type": {
              "type_id": 1,
              "capacity": 0,
              "string_capacity": 0,
              "nested_type_name": "urc_rover_interfaces/action/DeliveryTask_SendGoal_Response"
            },
            "default_value": ""
          },
          {
            "name": "event_message",
            "type": {
              "type_id": 1,
              "capacity": 0,
              "string_capacity": 0,
              "nested_type_name": "urc_rover_interfaces/action/DeliveryTask_SendGoal_Event"
            },
            "default_value": ""
          }
        ]
      },
      {
        "type_name": "urc_rover_interfaces/action/DeliveryTask_SendGoal_Event",
        "fields": [
          {
            "name": "info",
            "type": {
              "type_id": 1,
              "capacity": 0,
              "string_capacity": 0,
              "nested_type_name": "service_msgs/msg/ServiceEventInfo"
            },
            "default_value": ""
          },
          {
            "name": "request",
            "type": {
              "type_id": 97,
              "capacity": 1,
              "string_capacity": 0,
              "nested_type_name": "urc_rover_interfaces/action/DeliveryTask_SendGoal_Request"
            },
            "default_value": ""
          },
          {
            "name": "response",
            "type": {
              "type_id": 97,
              "capacity": 1,
              "string_capacity": 0,
              "nested_type_name": "urc_rover_interfaces/action/DeliveryTask_SendGoal_Response"
            },
            "default_value": ""
          }
        ]
      },
      {
        "type_name": "urc_rover_interfaces/action/DeliveryTask_SendGoal_Request",
        "fields": [
          {
            "name": "goal_id",
            "type": {
              "type_id": 1,
              "capacity": 0,
              "string_capacity": 0,
              "nested_type_name": "unique_identifier_msgs/msg/UUID"
            },
            "default_value": ""
          },
          {
            "name": "goal",
            "type": {
              "type_id": 1,
              "capacity": 0,
              "string_capacity": 0,
              "nested_type_name": "urc_rover_interfaces/action/DeliveryTask_Goal"
            },
            "default_value": ""
          }
        ]
      },
      {
        "type_name": "urc_rover_interfaces/action/DeliveryTask_SendGoal_Response",
        "fields": [
          {
            "name": "accepted",
            "type": {
              "type_id": 15,
              "capacity": 0,
              "string_capacity": 0,
              "nested_type_name": ""
            },
            "default_value": ""
          },
          {
            "name": "stamp",
            "type": {
              "type_id": 1,
              "capacity": 0,
              "string_capacity": 0,
              "nested_type_name": "builtin_interfaces/msg/Time"
            },
            "default_value": ""
          }
        ]
      }
    ]
  },
  "type_hashes": [
    {
      "type_name": "urc_rover_interfaces/action/DeliveryTask",
      "hash_string": "RIHS01_f5a2456ee636b2d95f84d7e27359d1860965193e22047d4685c4d4d45e60af84"
    },
    {
      "type_name": "builtin_interfaces/msg/Time",
      "hash_string": "RIHS01_b106235e25a4c5ed35098aa0a61a3ee9c9b18d197f398b0e4206cea9acf9c197"
    },
    {
      "type_name": "service_msgs/msg/ServiceEventInfo",
      "hash_string": "RIHS01_41bcbbe07a75c9b52bc96bfd5c24d7f0fc0a08c0cb7921b3373c5732345a6f45"
    },
    {
      "type_name": "unique_identifier_msgs/msg/UUID",
      "hash_string": "RIHS01_1b8e8aca958cbea28fe6ef60bf6c19b683c97a9ef60bb34752067d0f2f7ab437"
    },
    {
      "type_name": "urc_rover_interfaces/action/DeliveryTask_Feedback",
      "hash_string": "RIHS01_3d366ae390d0665a95340858ad4b8c2e7ca1192fd221608b837e6d6f91968be4"
    },
    {
      "type_name": "urc_rover_interfaces/action/DeliveryTask_FeedbackMessage",
      "hash_string": "RIHS01_33650c435e0751d23fe96d19916355611a1a2569cb9326e000cac290367ea9cc"
    },
    {
      "type_name": "urc_rover_interfaces/action/DeliveryTask_GetResult",
      "hash_string": "RIHS01_7d3a70a0a7c92b4448174e04780f326ff6b0264cd57aec05870c03d5df97e6bd"
    },
    {
      "type_name": "urc_rover_interfaces/action/DeliveryTask_GetResult_Event",
      "hash_string": "RIHS01_7d60e91ca55f0c178621bdfe8ca821dab6d7cbcf0a4bebb109db9d209ccc6494"
    },
    {
      "type_name": "urc_rover_interfaces/action/DeliveryTask_GetResult_Request",
      "hash_string": "RIHS01_3f840cfd71a314c22bd63c98f7d81480c74dff0176e5c6378e232d48de752b4d"
    },
    {
      "type_name": "urc_rover_interfaces/action/DeliveryTask_GetResult_Response",
      "hash_string": "RIHS01_7b570266f9fce6e4cd8d817ad790a8bd4331196113fd1923d9fea4233e8736a0"
    },
    {
      "type_name": "urc_rover_interfaces/action/DeliveryTask_Goal",
      "hash_string": "RIHS01_69501bea902c44aed56e6beed607a4f3db22854fe3ca15f2ebf275bd200d6e49"
    },
    {
      "type_name": "urc_rover_interfaces/action/DeliveryTask_Result",
      "hash_string": "RIHS01_69b8dc3814e764fa5ba69ee4aaf64ee32604ada72ef9336578987473e3d2ab0b"
    },
    {
      "type_name": "urc_rover_interfaces/action/DeliveryTask_SendGoal",
      "hash_string": "RIHS01_ea6fffb4fb05f203defd6175e005b3fdf092722e17582f2eb2f5a60006f4d9a4"
    },
    {
      "type_name": "urc_rover_interfaces/action/DeliveryTask_SendGoal_Event",
      "hash_string": "RIHS01_3952d5e422a1d1ac6378fe10bfab4b56979c7f7531f628af9237be9e8a9c5783"
    },
    {
      "type_name": "urc_rover_interfaces/action/DeliveryTask_SendGoal_Request",
      "hash_string": "RIHS01_7e171836112f292deb341a3c74720de6044430318f35a077290a662b4010d50b"
    },
    {
      "type_name": "urc_rover_interfaces/action/DeliveryTask_SendGoal_Response",
      "hash_string": "RIHS01_e8ddc8efcee9ec399e401d9169ea0e860677e1402972ceed40897583e43a7325"
    }
  ]
}