{
  "type_description_msg": {
    "type_description": {
      "type_name": "urc_rover_interfaces/action/NavigateToGoal",
      "fields": [
        {
          "name": "goal",
          "type": {
            "type_id": 1,
            "capacity": 0,
            "string_capacity": 0,
            "nested_type_name": "urc_rover_interfaces/action/NavigateToGoal_Goal"
          },
          "default_value": ""
        },
        {
          "name": "result",
          "type": {
            "type_id": 1,
            "capacity": 0,
            "string_capacity": 0,
            "nested_type_name": "urc_rover_interfaces/action/NavigateToGoal_Result"
          },
          "default_value": ""
        },
        {
          "name": "feedback",
          "type": {
            "type_id": 1,
            "capacity": 0,
            "string_capacity": 0,
            "nested_type_name": "urc_rover_interfaces/action/NavigateToGoal_Feedback"
          },
          "default_value": ""
        },
        {
          "name": "send_goal_service",
          "type": {
            "type_id": 1,
            "capacity": 0,
            "string_capacity": 0,
            "nested_type_name": "urc_rover_interfaces/action/NavigateToGoal_SendGoal"
          },
          "default_value": ""
        },
        {
          "name": "get_result_service",
          "type": {
            "type_id": 1,
            "capacity": 0,
            "string_capacity": 0,
            "nested_type_name": "urc_rover_interfaces/action/NavigateToGoal_GetResult"
          },
          "default_value": ""
        },
        {
          "name": "feedback_message",
          "type": {
            "type_id": 1,
            "capacity": 0,
            "string_capacity": 0,
            "nested_type_name": "urc_rover_interfaces/action/NavigateToGoal_FeedbackMessage"
          },
          "default_value": ""
        }
      ]
    },
    "referenced_type_descriptions": [
      {
        "type_name": "builtin_interfaces/msg/Time",
        "fields": [
          {
            "name": "sec",
            "type": {
              "type_id": 6,
              "capacity": 0,
              "string_capacity": 0,
              "nested_type_name": ""
            },
            "default_value": ""
          },
          {
            "name": "nanosec",
            "type": {
              "type_id": 7,
              "capacity": 0,
              "string_capacity": 0,
              "nested_type_name": ""
            },
            "default_value": ""
          }
        ]
      },
      {
        "type_name": "service_msgs/msg/ServiceEventInfo",
        "fields": [
          {
            "name": "event_type",
            "type": {
              "type_id": 3,
              "capacity": 0,
              "string_capacity": 0,
              "nested_type_name": ""
            },
            "default_value": ""
          },
          {
            "name": "stamp",
            "type": {
              "type_id": 1,
              "capacity": 0,
              "string_capacity": 0,
              "nested_type_name": "builtin_interfaces/msg/Time"
            },
            "default_value": ""
          },
          {
            "name": "client_gid",
            "type": {
              "type_id": 51,
              "capacity": 16,
              "string_capacity": 0,
              "nested_type_name": ""
            },
            "default_value": ""
          },
          {
            "name": "sequence_number",
            "type": {
              "type_id": 8,
              "capacity": 0,
              "string_capacity": 0,
              "nested_type_name": ""
            },
            "default_value": ""
          }
        ]
      },
      {
        "type_name": "unique_identifier_msgs/msg/UUID",
        "fields": [
          {
            "name": "uuid",
            "type": {
              "type_id": 51,
              "capacity": 16,
              "string_capacity": 0,
              "nested_type_name": ""
            },
            "default_value": ""
          }
        ]
      },
      {
        "type_name": "urc_rover_interfaces/action/NavigateToGoal_Feedback",
        "fields": [
          {
            "name": "current_x",
            "type": {
              "type_id": 10,
              "capacity": 0,
              "string_capacity": 0,
              "nested_type_name": ""
            },
            "default_value": ""
          },
          {
            "name": "current_y",
            "type": {
              "type_id": 10,
              "capacity": 0,
              "string_capacity": 0,
              "nested_type_name": ""
            },
            "default_value": ""
          },
          {
            "name": "distance_remaining",
            "type": {
              "type_id": 10,
              "capacity": 0,
              "string_capacity": 0,
              "nested_type_name": ""
            },
            "default_value": ""
          }
        ]
      },
      {
        "type_name": "urc_rover_interfaces/action/NavigateToGoal_FeedbackMessage",
        "fields": [
          {
            "name": "goal_id",
            "type": {
              "type_id": 1,
              "capacity": 0,
              "string_capacity": 0,
              "nested_type_name": "unique_identifier_msgs/msg/UUID"
            },
            "default_value": ""
          },
          {
            "name": "feedback",
            "type": {
              "type_id": 1,
              "capacity": 0,
              "string_capacity": 0,
              "nested_type_name": "urc_rover_interfaces/action/NavigateToGoal_Feedback"
            },
            "default_value": ""
          }
        ]
      },
      {
        "type_name": "urc_rover_interfaces/action/NavigateToGoal_GetResult",
        "fields": [
          {
            "name": "request_message",
            "type": {
              "type_id": 1,
              "capacity": 0,
              "string_capacity": 0,
              "nested_type_name": "urc_rover_interfaces/action/NavigateToGoal_GetResult_Request"
            },
            "default_value": ""
          },
          {
            "name": "response_message",
            "type": {
              "type_id": 1,
              "capacity": 0,
              "string_capacity": 0,
              "nested_type_name": "urc_rover_interfaces/action/NavigateToGoal_GetResult_Response"
            },
            "default_value": ""
          },
          {
            "name": "event_message",
            "type": {
              "type_id": 1,
              "capacity": 0,
              "string_capacity": 0,
              "nested_type_name": "urc_rover_interfaces/action/NavigateToGoal_GetResult_Event"
            },
            "default_value": ""
          }
        ]
      },
      {
        "type_name": "urc_rover_interfaces/action/NavigateToGoal_GetResult_Event",
        "fields": [
          {
            "name": "info",
            "type": {
              "type_id": 1,
              "capacity": 0,
              "string_capacity": 0,
              "nested_type_name": "service_msgs/msg/ServiceEventInfo"
            },
            "default_value": ""
          },
          {
            "name": "request",
            "type": {
              "type_id": 97,
              "capacity": 1,
              "string_capacity": 0,
              "nested_type_name": "urc_rover_interfaces/action/NavigateToGoal_GetResult_Request"
            },
            "default_value": ""
          },
          {
            "name": "response",
            "type": {
              "type_id": 97,
              "capacity": 1,
              "string_capacity": 0,
              "nested_type_name": "urc_rover_interfaces/action/NavigateToGoal_GetResult_Response"
            },
            "default_value": ""
          }
        ]
      },
      {
        "type_name": "urc_rover_interfaces/action/NavigateToGoal_GetResult_Request",
        "fields": [
          {
            "name": "goal_id",
            "type": {
              "type_id": 1,
              "capacity": 0,
              "string_capacity": 0,
              "nested_type_name": "unique_identifier_msgs/msg/UUID"
            },
            "default_value": ""
          }
        ]
      },
      {
        "type_name": "urc_rover_interfaces/action/NavigateToGoal_GetResult_Response",
        "fields": [
          {
            "name": "status",
            "type": {
              "type_id": 2,
              "capacity": 0,
              "string_capacity": 0,
              "nested_type_name": ""
            },
            "default_value": ""
          },
          {
            "name": "result",
            "type": {
              "type_id": 1,
              "capacity": 0,
              "string_capacity": 0,
              "nested_type_name": "urc_rover_interfaces/action/NavigateToGoal_Result"
            },
            "default_value": ""
          }
        ]
      },
      {
        "type_name": "urc_rover_interfaces/action/NavigateToGoal_Goal",
        "fields": [
          {
            "name": "target_x",
            "type": {
              "type_id": 10,
              "capacity": 0,
              "string_capacity": 0,
              "nested_type_name": ""
            },
            "default_value": ""
          },
          {
            "name": "target_y",
            "type": {
              "type_id": 10,
              "capacity": 0,
              "string_capacity": 0,
              "nested_type_name": ""
            },
            "default_value": ""
          },
          {
            "name": "waypoint_type",
            "type": {
              "type_id": 17,
              "capacity": 0,
              "string_capacity": 0,
              "nested_type_name": ""
            },
            "default_value": ""
          }
        ]
      },
      {
        "type_name": "urc_rover_interfaces/action/NavigateToGoal_Result",
        "fields": [
          {
            "name": "success",
            "type": {
              "type_id": 15,
              "capacity": 0,
              "string_capacity": 0,
              "nested_type_name": ""
            },
            "default_value": ""
          },
          {
            "name": "final_x",
            "type": {
              "type_id": 10,
              "capacity": 0,
              "string_capacity": 0,
              "nested_type_name": ""
            },
            "default_value": ""
          },
          {
            "name": "final_y",
            "type": {
              "type_id": 10,
              "capacity": 0,
              "string_capacity": 0,
              "nested_type_name": ""
            },
            "default_value": ""
          },
          {
            "name": "message",
            "type": {
              "type_id": 17,
              "capacity": 0,
              "string_capacity": 0,
              "nested_type_name": ""
            },
            "default_value": ""
          }
        ]
      },
      {
        "type_name": "urc_rover_interfaces/action/NavigateToGoal_SendGoal",
        "fields": [
          {
            "name": "request_message",
            "type": {
              "type_id": 1,
              "capacity": 0,
              "string_capacity": 0,
              "nested_type_name": "urc_rover_interfaces/action/NavigateToGoal_SendGoal_Request"
            },
            "default_value": ""
          },
          {
            "name": "response_message",
            "type": {
              "type_id": 1,
              "capacity": 0,
              "string_capacity": 0,
              "nested_type_name": "urc_rover_interfaces/action/NavigateToGoal_SendGoal_Response"
            },
            "default_value": ""
          },
          {
            "name": "event_message",
            "type": {
              "type_id": 1,
              "capacity": 0,
              "string_capacity": 0,
              "nested_type_name": "urc_rover_interfaces/action/NavigateToGoal_SendGoal_Event"
            },
            "default_value": ""
          }
        ]
      },
      {
        "type_name": "urc_rover_interfaces/action/NavigateToGoal_SendGoal_Event",
        "fields": [
          {
            "name": "info",
            "type": {
              "type_id": 1,
              "capacity": 0,
              "string_capacity": 0,
              "nested_type_name": "service_msgs/msg/ServiceEventInfo"
            },
            "default_value": ""
          },
          {
            "name": "request",
            "type": {
              "type_id": 97,
              "capacity": 1,
              "string_capacity": 0,
              "nested_type_name": "urc_rover_interfaces/action/NavigateToGoal_SendGoal_Request"
            },
            "default_value": ""
          },
          {
            "name": "response",
            "type": {
              "type_id": 97,
              "capacity": 1,
              "string_capacity": 0,
              "nested_type_name": "urc_rover_interfaces/action/NavigateToGoal_SendGoal_Response"
            },
            "default_value": ""
          }
        ]
      },
      {
        "type_name": "urc_rover_interfaces/action/NavigateToGoal_SendGoal_Request",
        "fields": [
          {
            "name": "goal_id",
            "type": {
              "type_id": 1,
              "capacity": 0,
              "string_capacity": 0,
              "nested_type_name": "unique_identifier_msgs/msg/UUID"
            },
            "default_value": ""
          },
          {
            "name": "goal",
            "type": {
              "type_id": 1,
              "capacity": 0,
              "string_capacity": 0,
              "nested_type_name": "urc_rover_interfaces/action/NavigateToGoal_Goal"
            },
            "default_value": ""
          }
        ]
      },
      {
        "type_name": "urc_rover_interfaces/action/NavigateToGoal_SendGoal_Response",
        "fields": [
          {
            "name": "accepted",
            "type": {
              "type_id": 15,
              "capacity": 0,
              "string_capacity": 0,
              "nested_type_name": ""
            },
            "default_value": ""
          },
          {
            "name": "stamp",
            "type": {
              "type_id": 1,
              "capacity": 0,
              "string_capacity": 0,
              "nested_type_name": "builtin_interfaces/msg/Time"
            },
            "default_value": ""
          }
        ]
      }
    ]
  },
  "type_hashes": [
    {
      "type_name": "urc_rover_interfaces/action/NavigateToGoal",
      "hash_string": "RIHS01_547e1c1b191eb6ac60fffea378bf911650d13a2ed7bcbd431c9a0f67c0aea63a"
    },
    {
      "type_name": "builtin_interfaces/msg/Time",
      "hash_string": "RIHS01_b106235e25a4c5ed35098aa0a61a3ee9c9b18d197f398b0e4206cea9acf9c197"
    },
    {
      "type_name": "service_msgs/msg/ServiceEventInfo",
      "hash_string": "RIHS01_41bcbbe07a75c9b52bc96bfd5c24d7f0fc0a08c0cb7921b3373c5732345a6f45"
    },
    {
      "type_name": "unique_identifier_msgs/msg/UUID",
      "hash_string": "RIHS01_1b8e8aca958cbea28fe6ef60bf6c19b683c97a9ef60bb34752067d0f2f7ab437"
    },
    {
      "type_name": "urc_rover_interfaces/action/NavigateToGoal_Feedback",
      "hash_string": "RIHS01_c5162eacab98dc9b5b60c104cd6ac7a1f487052836a51d5746e5b468c3ab65c1"
    },
    {
      "type_name": "urc_rover_interfaces/action/NavigateToGoal_FeedbackMessage",
      "hash_string": "RIHS01_4d16dcdc18a26b8ef73712b26981c58e380b9351677feca60d6ac2ed9550f82b"
    },
    {
      "type_name": "urc_rover_interfaces/action/NavigateToGoal_GetResult",
      "hash_string": "RIHS01_ca2dcfecafaf9d69229b9258a386ecf7fef2437034419a02afb57e5b7d91a902"
    },
    {
      "type_name": "urc_rover_interfaces/action/NavigateToGoal_GetResult_Event",
      "hash_string": "RIHS01_d1101cb10eabd0140fe12b1a5343c6f426f4239fae71b506e7c5a5816dbd2f31"
    },
    {
      "type_name": "urc_rover_interfaces/action/NavigateToGoal_GetResult_Request",
      "hash_string": "RIHS01_c2f4e4624e2052963ca0ef391d3469e0e0722a87cb3355bffeb3ae062f9498ae"
    },
    {
      "type_name": "urc_rover_interfaces/action/NavigateToGoal_GetResult_Response",
      "hash_string": "RIHS01_447196f491156a9794e089306b41b0184e9df70b845ea5a1315cb6c76a4fc20e"
    },
    {
      "type_name": "urc_rover_interfaces/action/NavigateToGoal_Goal",
      "hash_string": "RIHS01_466735c86214360581ec0c1b329c31952c485f6f128c1b8610da57c28fd83064"
    },
    {
      "type_name": "urc_rover_interfaces/action/NavigateToGoal_Result",
      "hash_string": "RIHS01_e3b75b457a480f181bbc5d92ef8c28c3e93d2b7cc5c9b400f4f8e88ec7c7d17f"
    },
    {
      "type_name": "urc_rover_interfaces/action/NavigateToGoal_SendGoal",
      "hash_string": "RIHS01_4fba51101e3187e6bbb39832a063be6a7e90487a5c48171d93bb97293aef5dbd"
    },
    {
      "type_name": "urc_rover_interfaces/action/NavigateToGoal_SendGoal_Event",
      "hash_string": "RIHS01_83401502942572c6c419b0e46452d9ee13e624d8ebeb9732d9f49de57ff267ec"
    },
    {
      "type_name": "urc_rover_interfaces/action/NavigateToGoal_SendGoal_Request",
      "hash_string": "RIHS01_675c22a6a87c0b5416293cf926cd3eae03f85257c946206505182abc6b491268"
    },
    {
      "type_name": "urc_rover_interfaces/action/NavigateToGoal_SendGoal_Response",
      "hash_string": "RIHS01_e366ee0598b4017048499dcfa07da98dbb9c285e02eb869d2a427fe9f7845dff"
    }
  ]
}